epoch_millis,thread_label,page
1783518401840,bot-searching-1,HOME
1783518416226,bot-browsing-2,HOME
1783518421300,bot-browsing-2,PRODUCTS
1783518422406,bot-searching-3,HOME
1783518422670,bot-searching-3,PRODUCTS
1783518422807,bot-searching-3,PRODUCT_DETAIL_NOCART
1783518422864,bot-searching-3,PRODUCTS
1783518423539,bot-browsing-4,HOME
1783518423590,bot-searching-3,PRODUCT_DETAIL_CART
1783518431448,bot-searching-1,PRODUCTS
1783518432281,bot-searching-1,PRODUCT_DETAIL_NOCART
1783518432406,bot-searching-1,PRODUCTS
1783518432457,bot-searching-1,PRODUCT_DETAIL_NOCART
1783518436984,bot-browsing-2,PRODUCT_DETAIL
1783518439659,bot-browsing-4,ABOUT
1783518447566,bot-browsing-4,PRODUCTS
1783518447600,bot-browsing-5,HOME
1783518452812,bot-browsing-4,CONTACT
1783518453793,bot-browsing-5,PRODUCTS
1783518455881,bot-browsing-6,HOME
1783518455994,bot-browsing-2,PRODUCTS
1783518458878,bot-browsing-7,HOME
1783518463538,bot-form_filling-8,ABOUT
1783518463959,bot-form_filling-8,HOME
1783518464454,bot-form_filling-8,PRODUCTS
1783518465007,bot-form_filling-8,CONTACT
1783518467272,bot-browsing-4,HOME
1783518469004,bot-form_filling-8,SUBMIT_CONTACT
1783518470040,bot-browsing-4,CONTACT
1783518473099,bot-browsing-9,HOME
1783518475120,bot-browsing-5,PRODUCT_DETAIL
1783518476117,bot-browsing-4,PRODUCTS
1783518480132,bot-browsing-10,HOME
1783518480607,bot-searching-11,HOME
1783518480641,bot-searching-11,PRODUCTS
1783518480812,bot-searching-11,PRODUCT_DETAIL_CART
1783518482136,bot-searching-11,PRODUCTS
1783518482257,bot-browsing-4,PRODUCT_DETAIL
1783518483533,bot-browsing-6,PRODUCTS
1783518483802,bot-searching-12,HOME
1783518484395,bot-searching-12,PRODUCTS
1783518484581,bot-searching-12,PRODUCT_DETAIL_CART
1783518490195,bot-browsing-13,HOME
1783518491964,bot-browsing-2,PRODUCT_DETAIL
1783518495920,bot-browsing-14,HOME
1783518496855,bot-browsing-7,PRODUCTS
1783518497549,bot-browsing-7,CONTACT
1783518497734,bot-browsing-13,PRODUCTS
1783518499845,bot-browsing-15,HOME
1783518500903,bot-browsing-5,PRODUCTS
1783518501112,bot-browsing-16,HOME
1783518503695,bot-searching-17,HOME
1783518503812,bot-searching-17,PRODUCTS
1783518503876,bot-searching-17,PRODUCT_DETAIL_NOCART
1783518504211,bot-browsing-13,HOME
1783518504881,bot-searching-17,PRODUCTS
1783518505208,bot-searching-17,PRODUCT_DETAIL_CART
1783518505695,bot-browsing-14,PRODUCTS
1783518505953,bot-browsing-2,CONTACT
1783518506293,bot-browsing-15,PRODUCTS
1783518507822,bot-browsing-5,HOME
1783518509520,bot-browsing-7,PRODUCTS
1783518511970,bot-browsing-18,HOME
1783518512870,bot-browsing-19,HOME
1783518516466,bot-browsing-13,ABOUT
1783518520232,bot-browsing-6,PRODUCT_DETAIL
1783518520534,bot-browsing-9,PRODUCTS
1783518521149,bot-form_filling-20,ABOUT
1783518521439,bot-form_filling-20,PRODUCTS
1783518521665,bot-form_filling-20,CONTACT
1783518521918,bot-browsing-14,PRODUCT_DETAIL
1783518522078,bot-browsing-14,PRODUCTS
1783518524264,bot-browsing-15,HOME
1783518525668,bot-form_filling-20,SUBMIT_CONTACT
1783518526497,bot-browsing-19,PRODUCTS
1783518527806,bot-browsing-16,PRODUCTS
1783518528197,bot-form_filling-20,HOME
1783518531576,bot-browsing-7,PRODUCT_DETAIL
1783518532056,bot-browsing-15,PRODUCTS
1783518532808,bot-browsing-13,CONTACT
1783518533527,bot-browsing-14,PRODUCT_DETAIL
1783518535832,bot-browsing-16,PRODUCT_DETAIL
1783518537412,bot-browsing-21,HOME
1783518540590,bot-browsing-9,PRODUCT_DETAIL
1783518540762,bot-browsing-19,PRODUCT_DETAIL
1783518541116,bot-browsing-14,HOME
1783518541116,bot-browsing-10,PRODUCTS
1783518542580,bot-browsing-22,HOME
1783518544749,bot-browsing-18,PRODUCTS
1783518545181,bot-browsing-5,PRODUCTS
1783518551983,bot-browsing-23,HOME
1783518552023,bot-browsing-7,PRODUCTS
1783518552443,bot-searching-24,HOME
1783518552490,bot-browsing-25,HOME
1783518552498,bot-searching-24,PRODUCTS
1783518552981,bot-browsing-13,HOME
1783518553568,bot-browsing-16,PRODUCTS
1783518553675,bot-searching-24,PRODUCT_DETAIL_CART
1783518553755,bot-searching-24,PRODUCTS
1783518554043,bot-browsing-6,PRODUCTS
1783518554450,bot-searching-24,PRODUCT_DETAIL_CART
1783518554744,bot-browsing-22,PRODUCTS
1783518555078,bot-browsing-7,PRODUCT_DETAIL
1783518555161,bot-searching-26,HOME
1783518555677,bot-browsing-19,PRODUCTS
1783518556065,bot-searching-26,PRODUCTS
1783518557274,bot-browsing-18,PRODUCT_DETAIL
1783518557369,bot-searching-26,PRODUCT_DETAIL_NOCART
1783518557838,bot-browsing-21,PRODUCTS
1783518559262,bot-browsing-9,CONTACT
1783518559590,bot-browsing-5,ABOUT
1783518561040,bot-browsing-13,PRODUCTS
1783518561820,bot-browsing-19,PRODUCT_DETAIL
1783518562299,bot-browsing-25,PRODUCTS
1783518562456,bot-browsing-13,ABOUT
1783518562690,bot-browsing-10,PRODUCT_DETAIL
1783518562898,bot-browsing-25,PRODUCT_DETAIL
1783518562929,bot-searching-26,HOME
1783518562978,bot-searching-26,PRODUCTS
1783518564292,bot-browsing-22,PRODUCT_DETAIL
1783518564454,bot-browsing-6,PRODUCT_DETAIL
1783518564457,bot-browsing-27,HOME
1783518566445,bot-browsing-28,HOME
1783518568168,bot-browsing-6,PRODUCTS
1783518572270,bot-browsing-9,HOME
1783518572990,bot-browsing-18,HOME
1783518573577,bot-browsing-27,PRODUCTS
1783518575143,bot-browsing-22,HOME
1783518575216,bot-browsing-25,CONTACT
1783518575452,bot-browsing-28,ABOUT
1783518576959,bot-searching-26,PRODUCT_DETAIL_CART
1783518578024,bot-searching-26,HOME
1783518578353,bot-searching-26,ABOUT
1783518581144,bot-browsing-21,PRODUCT_DETAIL
1783518582179,bot-browsing-5,HOME
1783518583969,bot-browsing-10,PRODUCTS
1783518587045,bot-browsing-28,HOME
1783518588693,bot-browsing-7,PRODUCTS
1783518589637,bot-browsing-16,ABOUT
1783518589742,bot-browsing-9,PRODUCTS
1783518589979,bot-browsing-21,PRODUCTS
1783518592125,bot-browsing-15,CONTACT
1783518593222,bot-browsing-19,PRODUCTS
1783518596040,bot-browsing-21,PRODUCT_DETAIL
1783518596590,bot-browsing-14,PRODUCTS
1783518597196,bot-browsing-21,CONTACT
1783518600516,bot-browsing-28,CONTACT
1783518601152,bot-browsing-15,HOME
1783518602009,bot-browsing-16,HOME
1783518603363,bot-browsing-21,HOME
1783518605096,bot-browsing-18,PRODUCTS
1783518606288,bot-browsing-25,HOME
1783518606676,bot-searching-29,HOME
1783518609686,bot-browsing-28,HOME
1783518610742,bot-searching-29,PRODUCTS
1783518610825,bot-searching-29,PRODUCT_DETAIL_NOCART
1783518611580,bot-searching-29,HOME
1783518612055,bot-browsing-23,PRODUCTS
1783518613125,bot-browsing-5,PRODUCTS
1783518613128,bot-searching-29,PRODUCTS
1783518613295,bot-searching-29,PRODUCT_DETAIL_NOCART
1783518613335,bot-searching-29,PRODUCTS
1783518613950,bot-browsing-9,CONTACT
1783518617783,bot-browsing-22,PRODUCTS
1783518617870,bot-browsing-30,HOME
1783518619072,bot-browsing-27,PRODUCT_DETAIL
1783518619971,bot-browsing-28,ABOUT
1783518620130,bot-browsing-21,PRODUCTS
1783518620140,bot-browsing-9,HOME
1783518620869,bot-browsing-5,HOME
1783518626516,bot-browsing-14,HOME
1783518626629,bot-browsing-9,CONTACT
1783518626911,bot-browsing-10,PRODUCT_DETAIL
1783518629337,bot-searching-31,HOME
1783518629461,bot-searching-31,PRODUCTS
1783518629498,bot-browsing-30,PRODUCTS
1783518629592,bot-searching-31,PRODUCT_DETAIL_NOCART
1783518631980,bot-searching-31,PRODUCTS
1783518632195,bot-searching-31,CONTACT
1783518632199,bot-browsing-18,CONTACT
1783518636015,bot-browsing-7,PRODUCT_DETAIL
1783518636633,bot-browsing-14,PRODUCTS
1783518638187,bot-browsing-10,PRODUCTS
1783518638712,bot-browsing-9,PRODUCTS
1783518638958,bot-browsing-21,ABOUT
1783518642110,bot-browsing-25,CONTACT
1783518642876,bot-browsing-14,HOME
1783518644595,bot-browsing-32,HOME
1783518645463,bot-browsing-27,HOME
1783518647151,bot-browsing-9,PRODUCT_DETAIL
1783518647637,bot-browsing-18,HOME
1783518649052,bot-browsing-33,HOME
1783518649177,bot-searching-34,HOME
1783518649190,bot-searching-34,CONTACT
1783518649335,bot-searching-34,HOME
1783518650978,bot-browsing-25,PRODUCTS
1783518651088,bot-browsing-10,PRODUCT_DETAIL
1783518652249,bot-browsing-16,PRODUCTS
1783518652846,bot-browsing-21,HOME
1783518653038,bot-browsing-21,PRODUCTS
1783518653362,bot-browsing-19,PRODUCT_DETAIL
1783518655597,bot-browsing-32,PRODUCTS
1783518655810,bot-searching-34,CONTACT
1783518655848,bot-searching-34,HOME
1783518656447,bot-browsing-14,CONTACT
1783518658489,bot-browsing-16,PRODUCT_DETAIL
1783518659882,bot-searching-29,PRODUCT_DETAIL_NOCART
1783518660006,bot-searching-29,PRODUCTS
1783518660536,bot-browsing-35,HOME
1783518660586,bot-browsing-10,PRODUCTS
1783518660929,bot-browsing-18,ABOUT
1783518663761,bot-browsing-25,CONTACT
1783518664804,bot-browsing-27,ABOUT
1783518666580,bot-browsing-35,ABOUT
1783518666632,bot-browsing-19,PRODUCTS
1783518667820,bot-browsing-10,PRODUCT_DETAIL
1783518669228,bot-browsing-30,PRODUCT_DETAIL
1783518672140,bot-browsing-33,PRODUCTS
1783518672361,bot-browsing-23,PRODUCT_DETAIL
1783518672759,bot-browsing-22,PRODUCT_DETAIL
1783518674826,bot-browsing-35,HOME
1783518675113,bot-browsing-23,HOME
1783518677491,bot-browsing-36,HOME
1783518681785,bot-browsing-23,PRODUCTS
1783518685589,bot-browsing-27,PRODUCTS
1783518686426,bot-searching-34,PRODUCTS
1783518686861,bot-browsing-32,HOME
1783518687786,bot-browsing-30,PRODUCTS
1783518691141,bot-browsing-23,ABOUT
1783518691501,bot-searching-34,PRODUCT_DETAIL_CART
1783518693464,bot-browsing-19,HOME
1783518693653,bot-browsing-27,PRODUCT_DETAIL
1783518694433,bot-form_filling-37,PRODUCTS
1783518694585,bot-form_filling-37,HOME
1783518694647,bot-form_filling-37,PRODUCTS
1783518694666,bot-form_filling-37,CONTACT
1783518694694,bot-browsing-22,HOME
1783518694958,bot-browsing-22,CONTACT
1783518696198,bot-browsing-7,HOME
1783518698330,bot-browsing-30,PRODUCT_DETAIL
1783518699162,bot-form_filling-37,SUBMIT_CONTACT
1783518700677,bot-browsing-19,ABOUT
1783518702179,bot-browsing-32,PRODUCTS
1783518705202,bot-browsing-36,PRODUCTS
1783518706263,bot-searching-34,PRODUCTS
1783518706322,bot-searching-34,PRODUCT_DETAIL_NOCART
1783518708247,bot-browsing-25,PRODUCTS
1783518708296,bot-browsing-32,PRODUCT_DETAIL
1783518709738,bot-browsing-22,HOME
1783518710197,bot-browsing-33,PRODUCT_DETAIL
1783518713419,bot-browsing-30,PRODUCTS
1783518718035,bot-browsing-36,PRODUCT_DETAIL
1783518719475,bot-browsing-7,CONTACT
1783518720689,bot-browsing-30,CONTACT
1783518720861,bot-browsing-23,HOME
1783518721060,bot-browsing-25,CONTACT
1783518724234,bot-browsing-33,HOME
1783518729073,bot-browsing-38,HOME
1783518729155,bot-browsing-25,HOME
1783518729580,bot-browsing-32,PRODUCTS
1783518732123,bot-browsing-30,PRODUCTS
1783518732162,bot-browsing-36,PRODUCTS
1783518732408,bot-browsing-39,HOME
1783518734812,bot-browsing-39,PRODUCTS
1783518734883,bot-browsing-35,PRODUCTS
1783518737606,bot-browsing-32,PRODUCT_DETAIL
1783518739064,bot-browsing-30,HOME
1783518739778,bot-browsing-40,HOME
1783518742365,bot-browsing-38,PRODUCTS
1783518743312,bot-searching-41,HOME
1783518743330,bot-searching-41,PRODUCTS
1783518743379,bot-searching-41,PRODUCT_DETAIL_CART
1783518743498,bot-searching-41,HOME
1783518744199,bot-browsing-36,PRODUCT_DETAIL
1783518746066,bot-searching-41,PRODUCTS
1783518746872,bot-searching-41,PRODUCT_DETAIL_CART
1783518746973,bot-searching-41,PRODUCTS
1783518747293,bot-searching-41,PRODUCT_DETAIL_CART
1783518747451,bot-searching-41,PRODUCTS
1783518748974,bot-browsing-35,PRODUCT_DETAIL
1783518749668,bot-browsing-42,HOME
1783518749990,bot-searching-43,HOME
1783518751681,bot-browsing-36,CONTACT
1783518752224,bot-searching-43,ABOUT
1783518752365,bot-searching-43,PRODUCTS
1783518754114,bot-searching-44,HOME
1783518754669,bot-browsing-40,PRODUCTS
1783518755680,bot-browsing-35,HOME
1783518758144,bot-browsing-22,PRODUCTS
1783518761703,bot-searching-41,PRODUCT_DETAIL_NOCART
1783518761903,bot-browsing-35,PRODUCTS
1783518763319,bot-browsing-38,CONTACT
1783518763489,bot-browsing-40,PRODUCT_DETAIL
1783518763773,bot-browsing-42,PRODUCTS
1783518764653,bot-browsing-42,PRODUCT_DETAIL
1783518765160,bot-browsing-32,PRODUCTS
1783518768169,bot-browsing-36,HOME
1783518770783,bot-browsing-42,PRODUCTS
1783518771323,bot-browsing-22,PRODUCT_DETAIL
1783518772098,bot-browsing-35,PRODUCT_DETAIL
1783518774636,bot-searching-45,HOME
1783518774668,bot-searching-44,ABOUT
1783518774685,bot-searching-45,PRODUCTS
1783518774788,bot-searching-45,PRODUCT_DETAIL_CART
1783518774969,bot-searching-46,HOME
1783518774983,bot-searching-44,PRODUCTS
1783518775134,bot-searching-45,PRODUCTS
1783518776205,bot-browsing-23,PRODUCTS
1783518780863,bot-browsing-47,HOME
1783518781765,bot-searching-44,PRODUCT_DETAIL_NOCART
1783518781926,bot-searching-44,PRODUCTS
1783518783380,bot-browsing-39,PRODUCT_DETAIL
1783518783646,bot-browsing-35,PRODUCTS
1783518785683,bot-searching-46,PRODUCTS
1783518785794,bot-searching-46,PRODUCT_DETAIL_CART
1783518786053,bot-searching-46,HOME
1783518786201,bot-searching-46,PRODUCTS
1783518795639,bot-browsing-42,PRODUCT_DETAIL
1783518798624,bot-searching-48,HOME
1783518801043,bot-browsing-32,PRODUCT_DETAIL
1783518803148,bot-browsing-40,HOME
1783518803722,bot-browsing-22,PRODUCTS
1783518806601,bot-searching-48,PRODUCTS
1783518806683,bot-searching-48,PRODUCT_DETAIL_CART
1783518807191,bot-browsing-38,HOME
1783518809078,bot-browsing-49,HOME
1783518810172,bot-browsing-40,CONTACT
1783518810191,bot-form_filling-50,ABOUT
1783518810240,bot-form_filling-50,HOME
1783518810713,bot-form_filling-50,ABOUT
1783518810761,bot-form_filling-50,CONTACT
1783518812631,bot-browsing-42,CONTACT
1783518814826,bot-form_filling-50,SUBMIT_CONTACT
1783518816232,bot-browsing-49,ABOUT
1783518817032,bot-browsing-39,PRODUCTS
1783518817357,bot-form_filling-50,HOME
1783518820389,bot-browsing-38,CONTACT
1783518822943,bot-browsing-40,HOME
1783518824770,bot-browsing-35,ABOUT
1783518826689,bot-browsing-39,PRODUCT_DETAIL
1783518830667,bot-browsing-40,PRODUCTS
1783518830998,bot-browsing-51,HOME
1783518833464,bot-browsing-38,PRODUCTS
1783518834761,bot-browsing-39,PRODUCTS
1783518834916,bot-browsing-47,CONTACT
1783518836781,bot-browsing-40,PRODUCT_DETAIL
1783518839271,bot-browsing-52,HOME
1783518840761,bot-browsing-49,HOME
1783518842825,bot-browsing-22,PRODUCT_DETAIL
1783518843209,bot-browsing-32,PRODUCTS
1783518849031,bot-form_filling-53,PRODUCTS
1783518851075,bot-form_filling-53,HOME
1783518851798,bot-browsing-22,PRODUCTS
1783518852297,bot-form_filling-53,PRODUCTS
1783518852344,bot-form_filling-53,HOME
1783518852557,bot-form_filling-53,ABOUT
1783518852581,bot-form_filling-53,PRODUCTS
1783518853980,bot-browsing-52,PRODUCTS
1783518856008,bot-browsing-51,CONTACT
1783518856278,bot-browsing-42,PRODUCTS
1783518857152,bot-browsing-38,CONTACT
1783518859590,bot-browsing-47,PRODUCTS
1783518860935,bot-form_filling-53,CONTACT
1783518861882,bot-browsing-40,HOME
1783518864440,bot-form_filling-53,SUBMIT_CONTACT
1783518864904,bot-browsing-32,HOME
1783518865138,bot-browsing-52,PRODUCT_DETAIL
1783518867338,bot-browsing-38,HOME
1783518871901,bot-browsing-47,PRODUCT_DETAIL
1783518872311,bot-browsing-42,PRODUCT_DETAIL
1783518872422,bot-browsing-52,PRODUCTS
1783518873164,bot-browsing-54,HOME
1783518878242,bot-browsing-51,PRODUCTS
1783518879613,bot-browsing-54,PRODUCTS
1783518881200,bot-browsing-22,PRODUCT_DETAIL
1783518881308,bot-browsing-40,PRODUCTS
1783518883781,bot-browsing-39,HOME
1783518884948,bot-browsing-52,PRODUCT_DETAIL
1783518886707,bot-browsing-49,PRODUCTS
1783518888409,bot-browsing-51,ABOUT
1783518889142,bot-browsing-32,PRODUCTS
1783518889760,bot-browsing-40,PRODUCT_DETAIL
1783518889849,bot-browsing-22,PRODUCTS
1783518890156,bot-searching-55,HOME
1783518890186,bot-searching-55,PRODUCTS
1783518893794,bot-browsing-39,PRODUCTS
1783518895313,bot-browsing-32,PRODUCT_DETAIL
1783518897183,bot-form_filling-56,PRODUCTS
1783518897522,bot-form_filling-56,CONTACT
1783518900019,bot-browsing-22,PRODUCT_DETAIL
1783518900119,bot-browsing-39,ABOUT
1783518900222,bot-browsing-54,PRODUCT_DETAIL
1783518901853,bot-form_filling-56,SUBMIT_CONTACT
1783518902285,bot-browsing-57,HOME
1783518902308,bot-browsing-47,PRODUCTS
1783518902696,bot-searching-55,PRODUCT_DETAIL_CART
1783518903034,bot-searching-55,HOME
1783518903088,bot-searching-55,CONTACT
1783518907268,bot-browsing-52,HOME
1783518908246,bot-browsing-49,HOME
1783518908401,bot-browsing-47,ABOUT
1783518911881,bot-browsing-39,HOME
1783518914576,bot-browsing-58,HOME
1783518914626,bot-browsing-54,PRODUCTS
1783518915435,bot-browsing-47,PRODUCTS
1783518915786,bot-browsing-49,ABOUT
1783518917863,bot-browsing-40,CONTACT
1783518919654,bot-searching-59,HOME
1783518919701,bot-searching-59,PRODUCTS
1783518920126,bot-searching-59,PRODUCT_DETAIL_NOCART
1783518920806,bot-searching-59,HOME
1783518920813,bot-browsing-58,PRODUCTS
1783518921746,bot-browsing-39,ABOUT
1783518924737,bot-browsing-52,PRODUCTS
1783518924874,bot-browsing-57,PRODUCTS
1783518925469,bot-browsing-22,CONTACT
1783518925874,bot-searching-59,PRODUCTS
1783518929852,bot-browsing-57,PRODUCT_DETAIL
1783518930706,bot-browsing-54,HOME
1783518933365,bot-browsing-58,PRODUCT_DETAIL
1783518938905,bot-browsing-54,ABOUT
1783518939569,bot-browsing-39,HOME
1783518940056,bot-browsing-58,PRODUCTS
1783518941664,bot-browsing-40,HOME
1783518950031,bot-browsing-52,HOME
1783518950313,bot-browsing-60,HOME
1783518950856,bot-browsing-60,PRODUCTS
1783518953796,bot-browsing-47,PRODUCT_DETAIL
1783518953887,bot-browsing-57,PRODUCTS
1783518954093,bot-browsing-49,PRODUCTS
1783518958529,bot-browsing-52,ABOUT
1783518960013,bot-browsing-57,PRODUCT_DETAIL
1783518960979,bot-browsing-39,PRODUCTS
1783518961972,bot-browsing-47,PRODUCTS
1783518964708,bot-browsing-52,HOME
1783518965750,bot-browsing-60,PRODUCT_DETAIL
1783518970843,bot-browsing-58,PRODUCT_DETAIL
1783518973543,bot-browsing-57,HOME
1783518974733,bot-browsing-52,PRODUCTS
1783518979792,bot-browsing-57,PRODUCTS
1783518980785,bot-browsing-52,CONTACT
1783518984026,bot-browsing-54,PRODUCTS
1783518989170,bot-browsing-61,HOME
1783518990855,bot-browsing-52,PRODUCTS
1783518991524,bot-browsing-47,HOME
1783518991596,bot-browsing-62,HOME
1783518993767,bot-browsing-57,PRODUCT_DETAIL
1783519008139,bot-browsing-60,CONTACT
1783519013135,bot-browsing-62,ABOUT
1783519013146,bot-browsing-63,HOME
1783519014456,bot-browsing-57,CONTACT
1783519020725,bot-browsing-58,PRODUCTS
1783519020770,bot-form_filling-64,PRODUCTS
1783519021070,bot-form_filling-64,ABOUT
1783519021103,bot-form_filling-64,PRODUCTS
1783519021356,bot-browsing-60,HOME
1783519021560,bot-browsing-63,PRODUCTS
1783519021582,bot-browsing-65,HOME
1783519022711,bot-browsing-61,ABOUT
1783519024310,bot-browsing-66,HOME
1783519026012,bot-browsing-47,PRODUCTS
1783519027646,bot-browsing-62,PRODUCTS
1783519032660,bot-browsing-58,CONTACT
1783519032797,bot-browsing-60,ABOUT
1783519033156,bot-browsing-57,HOME
1783519034132,bot-browsing-63,PRODUCT_DETAIL
1783519035573,bot-browsing-66,PRODUCTS
1783519035770,bot-form_filling-64,HOME
1783519035902,bot-form_filling-64,PRODUCTS
1783519036048,bot-browsing-47,PRODUCT_DETAIL
1783519037204,bot-browsing-58,HOME
1783519037852,bot-browsing-58,ABOUT
1783519040230,bot-browsing-62,CONTACT
1783519043103,bot-browsing-63,PRODUCTS
1783519044121,bot-browsing-60,CONTACT
1783519044365,bot-browsing-58,HOME
1783519044919,bot-browsing-61,CONTACT
1783519051471,bot-browsing-52,HOME
1783519051934,bot-browsing-61,HOME
1783519052015,bot-browsing-67,HOME
1783519052305,bot-form_filling-64,CONTACT
1783519052539,bot-browsing-65,PRODUCTS
1783519055342,bot-browsing-57,PRODUCTS
1783519056447,bot-form_filling-64,SUBMIT_CONTACT
1783519058974,bot-browsing-60,PRODUCTS
1783519058978,bot-form_filling-64,HOME
1783519061936,bot-browsing-52,CONTACT
1783519062589,bot-browsing-65,PRODUCT_DETAIL
1783519062979,bot-searching-68,HOME
1783519062994,bot-searching-68,CONTACT
1783519063016,bot-searching-68,HOME
1783519063047,bot-searching-68,CONTACT
1783519063152,bot-searching-68,HOME
1783519065585,bot-browsing-69,HOME
1783519066013,bot-browsing-65,PRODUCTS
1783519066907,bot-browsing-65,HOME
1783519071329,bot-browsing-66,PRODUCT_DETAIL
1783519074313,bot-browsing-65,ABOUT
1783519074680,bot-browsing-63,PRODUCT_DETAIL
1783519075576,bot-browsing-60,ABOUT
1783519076538,bot-browsing-52,PRODUCTS
1783519077209,bot-browsing-58,PRODUCTS
1783519078245,bot-browsing-62,PRODUCTS
1783519079364,bot-browsing-61,PRODUCTS
1783519079673,bot-browsing-69,PRODUCTS
1783519080671,bot-browsing-70,HOME
1783519080904,bot-browsing-71,HOME
1783519080909,bot-browsing-63,PRODUCTS
1783519081078,bot-searching-68,PRODUCTS
1783519081304,bot-searching-68,PRODUCT_DETAIL_CART
1783519081911,bot-browsing-57,PRODUCT_DETAIL
1783519082478,bot-browsing-62,CONTACT
1783519086055,bot-browsing-63,HOME
1783519090221,bot-form_filling-72,ABOUT
1783519090258,bot-browsing-66,PRODUCTS
1783519090471,bot-form_filling-72,HOME
1783519090613,bot-form_filling-72,PRODUCTS
1783519092424,bot-browsing-65,CONTACT
1783519094168,bot-browsing-69,HOME
1783519097690,bot-browsing-71,PRODUCTS
1783519098398,bot-browsing-60,HOME
1783519098840,bot-browsing-57,PRODUCTS
1783519100457,bot-browsing-62,HOME
1783519103112,bot-browsing-67,PRODUCTS
1783519108428,bot-searching-73,HOME
1783519109389,bot-browsing-65,HOME
1783519110729,bot-browsing-74,HOME
1783519112606,bot-browsing-62,PRODUCTS
1783519116479,bot-searching-75,HOME
1783519116507,bot-searching-75,ABOUT
1783519117312,bot-browsing-58,PRODUCT_DETAIL
1783519117631,bot-browsing-61,ABOUT
1783519119209,bot-browsing-76,HOME
1783519119236,bot-form_filling-72,CONTACT
1783519119239,bot-browsing-69,PRODUCTS
1783519119595,bot-browsing-69,HOME
1783519123139,bot-browsing-60,PRODUCTS
1783519124665,bot-form_filling-72,SUBMIT_CONTACT
1783519125395,bot-searching-75,HOME
1783519125700,bot-searching-75,PRODUCTS
1783519125790,bot-searching-75,PRODUCT_DETAIL_CART
1783519125885,bot-searching-75,PRODUCTS
1783519128895,bot-browsing-62,PRODUCT_DETAIL
1783519130521,bot-browsing-70,PRODUCTS
1783519131357,bot-browsing-77,HOME
1783519136715,bot-browsing-65,PRODUCTS
1783519137598,bot-browsing-69,PRODUCTS
1783519139923,bot-browsing-70,PRODUCT_DETAIL
1783519140484,bot-browsing-71,PRODUCT_DETAIL
1783519141921,bot-browsing-66,PRODUCT_DETAIL
1783519144046,bot-browsing-78,HOME
1783519144254,bot-browsing-58,PRODUCTS
1783519145141,bot-browsing-61,CONTACT
1783519146014,bot-browsing-57,PRODUCT_DETAIL
1783519146948,bot-browsing-58,PRODUCT_DETAIL
1783519148346,bot-browsing-76,CONTACT
1783519149567,bot-browsing-74,PRODUCTS
1783519149707,bot-browsing-66,PRODUCTS
1783519149800,bot-searching-73,PRODUCTS
1783519149905,bot-searching-73,PRODUCT_DETAIL_NOCART
1783519149939,bot-searching-73,PRODUCTS
1783519150367,bot-browsing-77,PRODUCTS
1783519150811,bot-searching-73,PRODUCT_DETAIL_CART
1783519151629,bot-searching-73,HOME
1783519151734,bot-searching-73,PRODUCTS
1783519152064,bot-searching-73,CONTACT
1783519155457,bot-browsing-61,HOME
1783519155885,bot-browsing-66,PRODUCT_DETAIL
1783519157464,bot-browsing-74,ABOUT
1783519157883,bot-browsing-79,HOME
1783519162654,bot-browsing-65,PRODUCT_DETAIL
1783519163112,bot-browsing-77,PRODUCT_DETAIL
1783519163337,bot-browsing-67,PRODUCT_DETAIL
1783519163568,bot-browsing-69,PRODUCT_DETAIL
1783519165320,bot-browsing-74,PRODUCTS
1783519167097,bot-browsing-70,HOME
1783519167149,bot-browsing-66,HOME
1783519168752,bot-browsing-61,CONTACT
1783519174350,bot-browsing-57,PRODUCTS
1783519177325,bot-browsing-66,PRODUCTS
1783519178377,bot-browsing-80,HOME
1783519179253,bot-browsing-70,CONTACT
1783519179947,bot-browsing-76,PRODUCTS
1783519180777,bot-browsing-79,PRODUCTS
1783519181669,bot-browsing-78,PRODUCTS
1783519181914,bot-browsing-78,PRODUCT_DETAIL
1783519182564,bot-browsing-66,PRODUCT_DETAIL
1783519184338,bot-browsing-66,HOME
1783519184562,bot-browsing-71,HOME
1783519185809,bot-browsing-81,HOME
1783519186081,bot-browsing-67,PRODUCTS
1783519186500,bot-browsing-77,HOME
1783519187710,bot-browsing-81,PRODUCTS
1783519191750,bot-browsing-78,PRODUCTS
1783519191819,bot-browsing-71,CONTACT
1783519192430,bot-browsing-67,PRODUCT_DETAIL
1783519193071,bot-browsing-76,ABOUT
1783519195096,bot-browsing-66,PRODUCTS
1783519197959,bot-browsing-74,PRODUCT_DETAIL
1783519199681,bot-searching-82,HOME
1783519199721,bot-searching-82,CONTACT
1783519199990,bot-searching-82,HOME
1783519200042,bot-browsing-78,PRODUCT_DETAIL
1783519200370,bot-browsing-79,PRODUCT_DETAIL
1783519201258,bot-searching-82,PRODUCTS
1783519201963,bot-browsing-66,PRODUCT_DETAIL
1783519202665,bot-browsing-76,HOME
1783519204994,bot-browsing-83,HOME
1783519205394,bot-searching-84,HOME
1783519205564,bot-searching-84,ABOUT
1783519206275,bot-searching-84,PRODUCTS
1783519206443,bot-searching-84,PRODUCT_DETAIL_CART
1783519206529,bot-searching-84,HOME
1783519209058,bot-browsing-78,CONTACT
1783519209282,bot-browsing-79,PRODUCTS
1783519209381,bot-browsing-77,PRODUCTS
1783519209869,bot-browsing-74,CONTACT
1783519210019,bot-searching-84,PRODUCTS
1783519210100,bot-searching-84,PRODUCT_DETAIL_CART
1783519210682,bot-searching-84,HOME
1783519213123,bot-browsing-80,PRODUCTS
1783519213159,bot-searching-82,PRODUCT_DETAIL_NOCART
1783519213209,bot-searching-82,HOME
1783519213819,bot-browsing-83,PRODUCTS
1783519214072,bot-browsing-70,HOME
1783519215931,bot-browsing-69,HOME
1783519217554,bot-browsing-76,PRODUCTS
1783519218904,bot-searching-82,CONTACT
1783519219096,bot-searching-82,HOME
1783519221040,bot-browsing-78,PRODUCTS
1783519221741,bot-browsing-79,HOME
1783519223820,bot-browsing-67,HOME
1783519225010,bot-browsing-71,HOME
1783519227126,bot-browsing-77,PRODUCT_DETAIL
1783519228392,bot-browsing-76,ABOUT
1783519228801,bot-browsing-85,HOME
1783519229368,bot-searching-86,HOME
1783519229546,bot-searching-86,PRODUCTS
1783519229690,bot-searching-86,PRODUCT_DETAIL_CART
1783519229798,bot-searching-86,PRODUCTS
1783519230332,bot-searching-86,PRODUCT_DETAIL_CART
1783519230652,bot-searching-86,PRODUCTS
1783519233300,bot-browsing-67,CONTACT
1783519234227,bot-browsing-69,CONTACT
1783519234343,bot-browsing-71,PRODUCTS
1783519236204,bot-searching-87,HOME
1783519236711,bot-searching-87,CONTACT
1783519237166,bot-searching-87,HOME
1783519239988,bot-browsing-85,ABOUT
1783519240220,bot-browsing-88,HOME
1783519241835,bot-browsing-78,CONTACT
1783519242497,bot-browsing-76,HOME
1783519242520,bot-browsing-89,HOME
1783519243912,bot-browsing-89,PRODUCTS
1783519244052,bot-searching-90,HOME
1783519245440,bot-searching-87,PRODUCTS
1783519245711,bot-searching-87,PRODUCT_DETAIL_NOCART
1783519245828,bot-browsing-85,PRODUCTS
1783519246087,bot-searching-90,PRODUCTS
1783519246417,bot-browsing-79,PRODUCTS
1783519247943,bot-browsing-81,PRODUCT_DETAIL
1783519249220,bot-browsing-76,ABOUT
1783519249779,bot-browsing-78,HOME
1783519250029,bot-browsing-89,PRODUCT_DETAIL
1783519250720,bot-browsing-91,HOME
1783519250774,bot-browsing-80,PRODUCT_DETAIL
1783519250807,bot-searching-90,PRODUCT_DETAIL_NOCART
1783519252448,bot-searching-90,HOME
1783519253947,bot-browsing-71,CONTACT
1783519254558,bot-searching-90,CONTACT
1783519254763,bot-searching-90,HOME
1783519254959,bot-browsing-83,PRODUCT_DETAIL
1783519256610,bot-browsing-89,PRODUCTS
1783519257377,bot-browsing-92,HOME
1783519258244,bot-browsing-76,HOME
1783519260841,bot-browsing-93,HOME
1783519261877,bot-browsing-69,HOME
1783519262355,bot-browsing-94,HOME
1783519263374,bot-browsing-88,PRODUCTS
1783519263750,bot-searching-87,HOME
1783519263769,bot-searching-87,ABOUT
1783519267920,bot-browsing-80,PRODUCTS
1783519268304,bot-browsing-81,PRODUCTS
1783519269163,bot-browsing-83,PRODUCTS
1783519269812,bot-browsing-80,PRODUCT_DETAIL
1783519270010,bot-browsing-74,HOME
1783519270322,bot-browsing-89,PRODUCT_DETAIL
1783519270655,bot-browsing-94,PRODUCTS
1783519272222,bot-browsing-95,HOME
1783519272751,bot-browsing-67,HOME
1783519273270,bot-browsing-93,PRODUCTS
1783519276768,bot-browsing-91,PRODUCTS
1783519277010,bot-browsing-94,PRODUCT_DETAIL
1783519278887,bot-browsing-96,HOME
1783519279056,bot-browsing-83,PRODUCT_DETAIL
1783519279589,bot-browsing-88,PRODUCT_DETAIL
1783519280282,bot-browsing-95,PRODUCTS
1783519281353,bot-browsing-67,PRODUCTS
1783519282711,bot-browsing-92,ABOUT
1783519284148,bot-browsing-89,HOME
1783519285229,bot-browsing-96,ABOUT
1783519285314,bot-browsing-80,PRODUCTS
1783519285626,bot-browsing-91,PRODUCT_DETAIL
1783519285732,bot-browsing-88,HOME
1783519287133,bot-browsing-81,ABOUT
1783519287216,bot-browsing-71,PRODUCTS
1783519287644,bot-browsing-94,HOME
1783519290228,bot-browsing-97,HOME
1783519290345,bot-browsing-81,HOME
1783519293564,bot-browsing-96,CONTACT
1783519293982,bot-browsing-91,HOME
1783519294188,bot-browsing-89,CONTACT
1783519295065,bot-browsing-93,PRODUCT_DETAIL
1783519296578,bot-browsing-81,PRODUCTS
1783519297333,bot-browsing-92,HOME
1783519299144,bot-browsing-71,PRODUCT_DETAIL
1783519299431,bot-browsing-78,ABOUT
1783519299733,bot-browsing-96,HOME
1783519299742,bot-browsing-71,CONTACT
1783519300559,bot-browsing-89,HOME
1783519302730,bot-browsing-88,PRODUCTS
1783519303090,bot-browsing-95,PRODUCT_DETAIL
1783519305373,bot-browsing-80,PRODUCT_DETAIL
1783519305939,bot-browsing-96,PRODUCTS
1783519305952,bot-browsing-85,PRODUCT_DETAIL
1783519306239,bot-browsing-83,PRODUCTS
1783519309055,bot-browsing-91,PRODUCTS
1783519309088,bot-browsing-92,ABOUT
1783519309457,bot-browsing-89,PRODUCTS
1783519320509,bot-browsing-81,HOME
1783519324483,bot-browsing-97,ABOUT
1783519325642,bot-browsing-80,HOME
1783519326256,bot-browsing-88,PRODUCT_DETAIL
1783519328005,bot-browsing-78,PRODUCTS
1783519330822,bot-browsing-94,PRODUCTS
1783519331450,bot-browsing-91,PRODUCT_DETAIL
1783519333311,bot-browsing-95,PRODUCTS
1783519334432,bot-browsing-97,PRODUCTS
1783519337310,bot-browsing-81,PRODUCTS
1783519338922,bot-browsing-93,PRODUCTS
1783519339868,bot-browsing-95,PRODUCT_DETAIL
1783519341685,bot-browsing-78,HOME
1783519347031,bot-browsing-89,PRODUCT_DETAIL
1783519348020,bot-browsing-93,PRODUCT_DETAIL
1783519349548,bot-browsing-85,PRODUCTS
1783519353251,bot-browsing-95,HOME
1783519354486,bot-browsing-97,HOME
1783519356577,bot-browsing-83,PRODUCT_DETAIL
1783519356883,bot-browsing-89,PRODUCTS
1783519360340,bot-browsing-95,ABOUT
1783519362681,bot-browsing-83,HOME
1783519363362,bot-browsing-92,PRODUCTS
1783519364524,bot-browsing-81,PRODUCT_DETAIL
1783519366201,bot-browsing-97,PRODUCTS
1783519368122,bot-browsing-95,CONTACT
1783519368854,bot-browsing-83,PRODUCTS
1783519369584,bot-browsing-94,PRODUCT_DETAIL
1783519370218,bot-browsing-85,PRODUCT_DETAIL
1783519371470,bot-browsing-78,PRODUCTS
1783519375510,bot-browsing-85,PRODUCTS
1783519375574,bot-browsing-92,PRODUCT_DETAIL
1783519378684,bot-browsing-80,PRODUCTS
1783519380835,bot-browsing-88,PRODUCTS
1783519380881,bot-browsing-94,CONTACT
1783519382938,bot-browsing-89,PRODUCT_DETAIL
1783519385123,bot-browsing-92,PRODUCTS
1783519389302,bot-browsing-89,PRODUCTS
1783519390356,bot-browsing-83,ABOUT
1783519391405,bot-browsing-93,PRODUCTS
1783519394155,bot-browsing-95,PRODUCTS
1783519394922,bot-browsing-85,PRODUCT_DETAIL
1783519396209,bot-browsing-97,PRODUCT_DETAIL
1783519397475,bot-browsing-83,HOME
1783519398502,bot-browsing-97,HOME
1783519402428,bot-browsing-92,PRODUCT_DETAIL
1783519403616,bot-browsing-88,PRODUCT_DETAIL
1783519404580,bot-browsing-97,ABOUT
1783519407660,bot-browsing-95,CONTACT
1783519408170,bot-browsing-80,PRODUCT_DETAIL
1783519411996,bot-browsing-97,PRODUCTS
1783519412753,bot-browsing-89,PRODUCT_DETAIL
1783519413451,bot-browsing-93,PRODUCT_DETAIL
1783519413860,bot-browsing-92,PRODUCTS
1783519416640,bot-browsing-80,HOME
1783519419189,bot-browsing-85,HOME
1783519420141,bot-browsing-93,PRODUCTS
1783519426748,bot-browsing-89,HOME
1783519428330,bot-browsing-94,HOME
1783519429661,bot-browsing-92,PRODUCT_DETAIL
1783519432976,bot-browsing-89,PRODUCTS
1783519440245,bot-browsing-85,PRODUCTS
1783519446722,bot-browsing-92,PRODUCTS
1783519447590,bot-browsing-95,HOME
1783519451478,bot-browsing-89,PRODUCT_DETAIL
1783519460335,bot-browsing-93,PRODUCT_DETAIL
1783519467465,bot-browsing-92,PRODUCT_DETAIL
1783519482664,bot-browsing-95,PRODUCTS
